Name,Industry,Type,Phone,Website,BillingCity,BillingCountry,NumberOfEmployees,AnnualRevenue,Description,ParentId,id,Engagement_Model__c,Primary_Offering__c,Region__c,Customer_Segment__c,SaaS_Tier__c,Services_Line__c,Parent_Relationship_Type__c
Rodriguez-Mckenzie Data Cloud,Technology,Customer,579-950-0166,https://mcgee.com/,Lake Susanton,Singapore,2450,99535752,APAC SME/Enterprise; SaaS-only customer (observability and/or governance).,,1,SaaS Only,SaaS,APAC,SME,Enterprise,None,Standalone
"Cooley, Jensen and Knox Data Cloud",Technology,Customer,241-569-3483x53636,http://gay.com/,South Crystal,Indonesia,2824,48349897,APAC SME/Enterprise; SaaS-only customer (observability and/or governance).,,2,SaaS Only,SaaS,APAC,SME,Team,None,Standalone
Sampson-Rasmussen Data Cloud,Technology,Customer,(379)522-3508x49913,https://www.valdez.net/,South Jacquelineborough,Malaysia,1638,61500752,APAC SME/Enterprise; SaaS-only customer (observability and/or governance).,,3,SaaS Only,SaaS,APAC,SME,Enterprise,None,Standalone
"Gray, Rogers and Rivers Data Cloud",Telecommunications,Customer,+1-588-877-3816x1575,https://www.willis.com/,New Johnny,Philippines,2269,66326016,APAC SME/Enterprise; SaaS-only customer (observability and/or governance).,,4,SaaS Only,SaaS,APAC,SME,Team,None,Standalone
Whitney Group Data Cloud,Healthcare,Customer,5684335099,https://www.whitney.info/,Port Erinbury,Singapore,2102,22959523,APAC SME/Enterprise; SaaS-only customer (observability and/or governance).,,5,SaaS Only,SaaS,APAC,SME,Business,None,Standalone
Daniel-Bolton Data Cloud,Healthcare,Customer,001-872-680-9130,https://murphy.com/,Lake Frances,Singapore,452,21662758,APAC SME/Enterprise; SaaS-only customer (observability and/or governance).,,6,SaaS Only,SaaS,APAC,SME,Business,None,Standalone
"Sampson, Cooke and Cain Data Cloud",Retail,Customer,833-785-1002,https://tyler-villanueva.com/,Everettburgh,Philippines,343,64660586,APAC SME/Enterprise; SaaS-only customer (observability and/or governance).,,7,SaaS Only,SaaS,APAC,SME,Business,None,Standalone
Wong Ltd Data Cloud,Retail,Customer,+1-309-580-8352,https://www.gay.biz/,Lake Roy,Thailand,1716,116483359,APAC SME/Enterprise; SaaS-only customer (observability and/or governance).,,8,SaaS Only,SaaS,APAC,SME,Team,None,Standalone
Parrish-Bartlett Data Cloud,Finance,Customer,8544451436,https://www.price-wyatt.com/,Jerryton,Malaysia,627,63765519,APAC SME/Enterprise; SaaS-only customer (observability and/or governance).,,9,SaaS Only,SaaS,APAC,SME,Business,None,Standalone
Baxter-Mcbride Data Cloud,Manufacturing,Customer,001-692-851-9959x5464,https://www.simpson.com/,New Caseystad,Philippines,2738,75458491,APAC SME/Enterprise; SaaS-only customer (observability and/or governance).,,10,SaaS Only,SaaS,APAC,SME,Team,None,Standalone
Compton Group Data Cloud,Telecommunications,Customer,655.687.8946,https://www.fuentes.com/,Robynberg,Philippines,408,46718217,APAC SME/Enterprise; SaaS-only customer (observability and/or governance).,,11,SaaS Only,SaaS,APAC,SME,Enterprise,None,Standalone
Gill-Archer Data Cloud,Manufacturing,Customer,235-449-2035,https://www.singleton-cross.com/,East Allen,Indonesia,2137,42663771,APAC SME/Enterprise; SaaS-only customer (observability and/or governance).,,12,SaaS Only,SaaS,APAC,SME,Business,None,Standalone
"Beasley, Chung and Lamb Data Cloud",Healthcare,Customer,+1-922-472-7560x1250,http://pitts.com/,Coryburgh,Malaysia,1477,39003114,APAC SME/Enterprise; SaaS-only customer (observability and/or governance).,,13,SaaS Only,SaaS,APAC,SME,Business,None,Standalone
"Savage, Weiss and Duffy Data Cloud",Technology,Customer,224-566-5804x0678,http://hale-dickson.org/,Port Dylanburgh,Vietnam,2909,35110008,APAC SME/Enterprise; SaaS-only customer (observability and/or governance).,,14,SaaS Only,SaaS,APAC,SME,Business,None,Standalone
Henderson Group Data Cloud,Retail,Customer,(995)504-8931x0176,https://www.shepard.com/,Jermainefort,Malaysia,1339,54428564,APAC SME/Enterprise; SaaS-only customer (observability and/or governance).,,15,SaaS Only,SaaS,APAC,SME,Team,None,Standalone
Todd Inc Data Cloud,Retail,Customer,(471)559-6356,https://fernandez-lucas.org/,North Jerome,Singapore,1481,101608450,APAC SME/Enterprise; SaaS-only customer (observability and/or governance).,,16,SaaS Only,SaaS,APAC,SME,Business,None,Standalone
Harmon PLC Data Cloud,Finance,Customer,+1-440-288-3694,http://morse.org/,North Sarah,Singapore,275,39456874,APAC SME/Enterprise; SaaS-only customer (observability and/or governance).,,17,SaaS Only,SaaS,APAC,SME,Enterprise,None,Standalone
Clayton-Dillon Data Cloud,Healthcare,Customer,582-214-2269,https://www.parker-rivera.com/,Jerryville,Singapore,665,42226345,APAC SME/Enterprise; SaaS-only customer (observability and/or governance).,,18,SaaS Only,SaaS,APAC,SME,Team,None,Standalone
"Baxter, Hardin and Snow Data Cloud",Telecommunications,Customer,236.531.7879,https://www.bridges.com/,Marioton,Indonesia,585,76607506,APAC SME/Enterprise; SaaS-only customer (observability and/or governance).,,19,SaaS Only,SaaS,APAC,SME,Business,None,Standalone
"Mann, Armstrong and Barajas Data Cloud",Telecommunications,Customer,609-765-1068x234,https://mcguire.com/,Charlesfurt,Vietnam,233,83313294,APAC SME/Enterprise; SaaS-only customer (observability and/or governance).,,20,SaaS Only,SaaS,APAC,SME,Business,None,Standalone
"Pollard, Chaney and Atkinson Data Cloud",Technology,Customer,001-507-368-0546x18036,https://www.walter.com/,West Joanland,Singapore,1262,80946717,APAC SME/Enterprise; SaaS-only customer (observability and/or governance).,,21,SaaS Only,SaaS,APAC,SME,Team,None,Standalone
"Vargas, Mcneil and Mcpherson Data Cloud",Manufacturing,Customer,(588)725-8321,http://www.dennis-bell.com/,Mcintyreburgh,Indonesia,1827,69469425,APAC SME/Enterprise; SaaS-only customer (observability and/or governance).,,22,SaaS Only,SaaS,APAC,SME,Business,None,Standalone
"Fitzgerald, Lynn and Lynn Data Cloud",Healthcare,Customer,236-478-9669x650,http://www.khan.com/,Birdside,Vietnam,576,114719595,APAC SME/Enterprise; SaaS-only customer (observability and/or governance).,,23,SaaS Only,SaaS,APAC,SME,Team,None,Standalone
Benjamin Inc Data Cloud,Manufacturing,Customer,294-965-7524,http://www.rollins.com/,East Rubenhaven,Vietnam,1283,64019386,APAC SME/Enterprise; SaaS-only customer (observability and/or governance).,,24,SaaS Only,SaaS,APAC,SME,Business,None,Standalone
"Koch, Cook and Quinn Data Cloud",Manufacturing,Customer,527.571.8598,http://berger.com/,Nortonbury,Vietnam,2715,50855490,APAC SME/Enterprise; SaaS-only customer (observability and/or governance).,,25,SaaS Only,SaaS,APAC,SME,Business,None,Standalone
"Cowan, Waters and Robinson Data Cloud",Technology,Customer,761-261-7787,https://www.nelson.net/,Nicolefurt,Indonesia,2182,92832798,APAC SME/Enterprise; SaaS-only customer (observability and/or governance).,,26,SaaS Only,SaaS,APAC,SME,Free,None,Standalone
Paul-Dunlap Data Cloud,Manufacturing,Customer,687-770-0574x805,https://hays-hudson.com/,North Sabrinahaven,Indonesia,1054,77335517,APAC SME/Enterprise; SaaS-only customer (observability and/or governance).,,27,SaaS Only,SaaS,APAC,SME,Enterprise,None,Standalone
Rasmussen LLC Data Cloud,Manufacturing,Customer,641.716.7251x4625,http://paul-mcdowell.com/,Dorothyburgh,Malaysia,1304,82320385,APAC SME/Enterprise; SaaS-only customer (observability and/or governance).,,28,SaaS Only,SaaS,APAC,SME,Team,None,Standalone
Marquez PLC Data Cloud,Technology,Customer,(750)813-1556,http://www.boone.biz/,Watsonmouth,Vietnam,698,46407205,APAC SME/Enterprise; SaaS-only customer (observability and/or governance).,,29,SaaS Only,SaaS,APAC,SME,Team,None,Standalone
Fischer-Walker Data Cloud,Finance,Customer,611-996-3701x59414,https://moody-hooper.info/,Phamchester,Malaysia,1885,108034250,APAC SME/Enterprise; SaaS-only customer (observability and/or governance).,,30,SaaS Only,SaaS,APAC,SME,Enterprise,None,Standalone
Esparza-Finley Data Cloud,Finance,Customer,001-901-342-2313,https://munoz-schroeder.com/,North Adrian,Malaysia,1821,50944282,APAC SME/Enterprise; SaaS-only customer (observability and/or governance).,,31,SaaS Only,SaaS,APAC,SME,Team,None,Standalone
Lin-Lyons Data Cloud,Healthcare,Customer,001-764-595-6261x15124,https://www.middleton.org/,Lake Bianca,Vietnam,1015,110847003,APAC SME/Enterprise; SaaS-only customer (observability and/or governance).,,32,SaaS Only,SaaS,APAC,SME,Team,None,Standalone
Baxter Ltd Data Cloud,Finance,Customer,+1-604-475-7363,http://spencer.com/,North Candicefurt,Malaysia,435,52442597,APAC SME/Enterprise; SaaS-only customer (observability and/or governance).,,33,SaaS Only,SaaS,APAC,SME,Business,None,Standalone
Lucero-Parrish Data Cloud,Healthcare,Customer,422-686-4828x279,https://serrano-browning.com/,East John,Thailand,241,94593543,APAC SME/Enterprise; SaaS-only customer (observability and/or governance).,,34,SaaS Only,SaaS,APAC,SME,Enterprise,None,Standalone
"Yates, Li and Chase Data Cloud",Telecommunications,Customer,(622)838-8618x408,https://www.daniels.com/,Watkinsfort,Malaysia,63,94683564,APAC SME/Enterprise; SaaS-only customer (observability and/or governance).,,35,SaaS Only,SaaS,APAC,Developer Team,Business,None,Standalone
"Keller, Perez and Harper Data Cloud",Manufacturing,Customer,001-770-750-6543x06547,http://carrillo-hebert.com/,Andrewsberg,Indonesia,1537,59345026,APAC SME/Enterprise; SaaS-only customer (observability and/or governance).,,36,SaaS Only,SaaS,APAC,SME,Business,None,Standalone
"Anthony, Barajas and Decker Analytics Program",Manufacturing,Customer,586.279.8135x3062,http://wolf.info/,New Jill,Indonesia,7099,112769279,APAC customer; services-only (strategy/platform/migration/managed services).,,37,Services Only,Services,APAC,Enterprise,None,Data Strategy & Consultancy,Standalone
"Lucas, Gould and Chavez Analytics Program",Manufacturing,Customer,(802)962-3386,http://www.villarreal.info/,North Carl,Philippines,11625,61213298,APAC customer; services-only (strategy/platform/migration/managed services).,,38,Services Only,Services,APAC,Enterprise,None,End-to-End Data Platform,Standalone
Rhodes-Patton Analytics Program,Finance,Customer,219-904-4556,https://cunningham.com/,North Jefferymouth,Philippines,751,283152742,APAC customer; services-only (strategy/platform/migration/managed services).,,39,Services Only,Services,APAC,SME,None,Cloud Migration,Standalone
Ward and Sons Analytics Program,Retail,Customer,4972734017,https://www.orozco.info/,South Andres,Philippines,8077,315460264,APAC customer; services-only (strategy/platform/migration/managed services).,,40,Services Only,Services,APAC,Enterprise,None,Data Strategy & Consultancy,Standalone
"Neal, Calhoun and Vazquez Analytics Program",Transportation,Customer,(715)960-5870x60388,http://white-forbes.com/,Kiaramouth,Malaysia,135,336262511,APAC customer; services-only (strategy/platform/migration/managed services).,,41,Services Only,Services,APAC,Developer Team,None,Data Strategy & Consultancy,Standalone
Arias PLC Analytics Program,Telecommunications,Customer,(251)244-4621x875,http://www.wilkerson-duncan.com/,East Ricardoside,Singapore,7569,10423200,APAC customer; services-only (strategy/platform/migration/managed services).,,42,Services Only,Services,APAC,Enterprise,None,Data Strategy & Consultancy,Standalone
Carpenter Ltd Analytics Program,Manufacturing,Customer,001-787-721-6445x00673,http://www.blanchard.com/,Kristitown,Vietnam,7498,99794741,APAC customer; services-only (strategy/platform/migration/managed services).,,43,Services Only,Services,APAC,Enterprise,None,End-to-End Data Platform,Standalone
"Bautista, Marquez and Pugh Analytics Program",Telecommunications,Customer,+1-396-758-8989x165,http://bates-miranda.biz/,Boltonstad,Malaysia,5930,212271017,APAC customer; services-only (strategy/platform/migration/managed services).,,44,Services Only,Services,APAC,Enterprise,None,Cloud Migration,Standalone
Bender Group Analytics Program,Telecommunications,Customer,+1-369-446-2896x731,http://valencia.com/,Randallberg,Indonesia,915,156868400,APAC customer; services-only (strategy/platform/migration/managed services).,,45,Services Only,Services,APAC,SME,None,Cloud Migration,Standalone
Nixon Group Analytics Program,Finance,Customer,+1-996-962-7718x05717,http://www.washington.com/,Petersontown,Philippines,9867,7392202,APAC customer; services-only (strategy/platform/migration/managed services).,,46,Services Only,Services,APAC,Enterprise,None,Managed Data Platform,Standalone
Petersen Ltd Analytics Program,Transportation,Customer,001-637-303-9931x1931,https://www.best.com/,North Charlesberg,Thailand,10162,29793486,APAC customer; services-only (strategy/platform/migration/managed services).,,47,Services Only,Services,APAC,Enterprise,None,Data Strategy & Consultancy,Standalone
Horton-Alexander Analytics Program,Retail,Customer,944-206-1363,https://hinton.com/,South Patty,Malaysia,6238,15986423,APAC customer; services-only (strategy/platform/migration/managed services).,,48,Services Only,Services,APAC,Enterprise,None,Managed Data Platform,Standalone
Blanchard-Lawson Analytics Program,Retail,Customer,001-465-628-2777x29863,http://www.weiss.info/,North Monique,Malaysia,8626,154657402,APAC customer; services-only (strategy/platform/migration/managed services).,,49,Services Only,Services,APAC,Enterprise,None,End-to-End Data Platform,Standalone
Bernard-Rivas Analytics Program,Government,Customer,948-253-7334,http://stuart.info/,Curtisport,Vietnam,8742,165724968,APAC customer; services-only (strategy/platform/migration/managed services).,,50,Services Only,Services,APAC,Enterprise,None,Managed Data Platform,Standalone
Blanchard Ltd Analytics Program,Retail,Customer,(258)561-8315x0435,http://floyd.com/,Gibsonfort,Thailand,6631,188455900,APAC customer; services-only (strategy/platform/migration/managed services).,,51,Services Only,Services,APAC,Enterprise,None,End-to-End Data Platform,Standalone
Mccoy-Patel Analytics Program,Transportation,Customer,2999227220,http://villa.com/,Hobbschester,Indonesia,4530,285637645,APAC customer; services-only (strategy/platform/migration/managed services).,,52,Services Only,Services,APAC,SME,None,End-to-End Data Platform,Standalone
Rosales-Joyce Analytics Program,Government,Customer,+1-632-740-7141x40030,https://herman.com/,Lake Emily,Philippines,8708,455918338,APAC customer; services-only (strategy/platform/migration/managed services).,,53,Services Only,Services,APAC,Enterprise,None,Data Strategy & Consultancy,Standalone
Ware Group Analytics Program,Manufacturing,Customer,355.961.4638x306,http://grimes.info/,Mccoystad,Thailand,982,131476189,APAC customer; services-only (strategy/platform/migration/managed services).,,54,Services Only,Services,APAC,SME,None,Managed Data Platform,Standalone
"Robbins, Lowe and Goodwin Analytics Program",Government,Customer,(299)807-1444x8183,https://www.hodges-stephenson.info/,Walterborough,Philippines,8475,350403633,APAC customer; services-only (strategy/platform/migration/managed services).,,55,Services Only,Services,APAC,Enterprise,None,Managed Data Platform,Standalone
Johns-Fletcher Analytics Program,Transportation,Customer,+1-633-925-1660x7241,http://lawson.com/,North Yvonneborough,Thailand,2951,401079570,APAC customer; services-only (strategy/platform/migration/managed services).,,56,Services Only,Services,APAC,SME,None,Cloud Migration,Standalone
Cantrell and Sons Analytics Program,Retail,Customer,332-918-2147x4948,http://christian.com/,East Tomview,Malaysia,5721,136020183,APAC customer; services-only (strategy/platform/migration/managed services).,,57,Services Only,Services,APAC,Enterprise,None,End-to-End Data Platform,Standalone
Villa Group Analytics Program,Government,Customer,3366353098,https://www.peters-haney.net/,Port Aliciaberg,Malaysia,4149,440519488,APAC customer; services-only (strategy/platform/migration/managed services).,,58,Services Only,Services,APAC,SME,None,Cloud Migration,Standalone
Allen-Barton Analytics Program,Transportation,Customer,001-589-306-5618,https://www.herrera.info/,Staceyberg,Singapore,9414,134830403,APAC customer; services-only (strategy/platform/migration/managed services).,,59,Services Only,Services,APAC,Enterprise,None,Cloud Migration,Standalone
Guzman-Woodward Analytics Program,Finance,Customer,372.754.9294x1939,http://gillespie.com/,South Isaiah,Thailand,463,348634572,APAC customer; services-only (strategy/platform/migration/managed services).,,60,Services Only,Services,APAC,SME,None,End-to-End Data Platform,Standalone
Hodge Ltd Analytics Program,Transportation,Customer,(777)398-8444x0972,http://velez.com/,Zunigaborough,Malaysia,1306,139459562,APAC customer; services-only (strategy/platform/migration/managed services).,,61,Services Only,Services,APAC,SME,None,Cloud Migration,Standalone
Tanner Inc Analytics Program,Manufacturing,Customer,+1-317-667-9525x4982,https://goodwin.com/,Kathleentown,Vietnam,10282,71792695,APAC customer; services-only (strategy/platform/migration/managed services).,,62,Services Only,Services,APAC,Enterprise,None,Cloud Migration,Standalone
Fleming-Chen Analytics Program,Transportation,Customer,+1-906-519-3658x1063,https://www.hobbs.com/,Port Stacy,Singapore,7732,367627587,APAC customer; services-only (strategy/platform/migration/managed services).,,63,Services Only,Services,APAC,Enterprise,None,End-to-End Data Platform,Standalone
"Alvarado, Nichols and Payne Analytics Program",Telecommunications,Customer,(262)509-6810x52110,https://www.kelly.biz/,Port Jackie,Malaysia,2606,76686500,APAC customer; services-only (strategy/platform/migration/managed services).,,64,Services Only,Services,APAC,SME,None,Cloud Migration,Standalone
"Stephenson, Harrington and Wilkins Analytics Program",Retail,Customer,5592485057,http://donaldson.biz/,Port Arielville,Malaysia,4830,460391451,APAC customer; services-only (strategy/platform/migration/managed services).,,65,Services Only,Services,APAC,SME,None,End-to-End Data Platform,Standalone
Hardy-Whitehead Analytics Program,Transportation,Customer,885-429-2057x901,https://dalton.com/,South Russell,Philippines,1557,415584414,APAC customer; services-only (strategy/platform/migration/managed services).,,66,Services Only,Services,APAC,SME,None,Data Strategy & Consultancy,Standalone
"Burton, Powell and Woodard Group",Finance,Customer,+1-396-711-5406x95601,https://singh.com/,South Ricardostad,Singapore,16901,99497016,APAC customer; hybrid (services + SaaS).,,67,Hybrid,Hybrid,APAC,Enterprise,Enterprise,Managed Data Platform,Standalone
Moran-Merritt Group,Telecommunications,Customer,(920)644-4298x8266,https://french.biz/,New Rileyborough,Philippines,20821,266927390,APAC customer; hybrid (services + SaaS).,,68,Hybrid,Hybrid,APAC,Enterprise,Business,Managed Data Platform,Standalone
"Dennis, Roman and Kent Group",Finance,Customer,001-770-787-7709x69131,https://curtis.biz/,Salasborough,Vietnam,19315,457048046,APAC customer; hybrid (services + SaaS).,,69,Hybrid,Hybrid,APAC,Enterprise,Team,Managed Data Platform,Standalone
"Riley, Lynch and Mcfarland Group",Retail,Customer,(988)909-8497x23821,http://www.gross.net/,West Cole,Vietnam,1067,639591638,APAC customer; hybrid (services + SaaS).,,70,Hybrid,Hybrid,APAC,SME,Enterprise,Managed Data Platform,Standalone
Young-Shepherd Group,Energy,Customer,001-711-663-5888x361,https://joseph-brady.com/,Ochoatown,Vietnam,14700,182317788,APAC customer; hybrid (services + SaaS).,,71,Hybrid,Hybrid,APAC,Enterprise,Business,Managed Data Platform,Standalone
Velasquez-Gray Group,Retail,Customer,+1-782-209-5035x3960,https://www.velez.net/,Brennanmouth,Malaysia,23608,835626122,APAC customer; hybrid (services + SaaS).,,72,Hybrid,Hybrid,APAC,Enterprise,Business,Data Strategy & Consultancy,Standalone
Kaufman-Gallagher Group,Retail,Customer,326.637.4284x25326,http://tyler-hoffman.com/,North Tim,Vietnam,16142,535037084,APAC customer; hybrid (services + SaaS).,,73,Hybrid,Hybrid,APAC,Enterprise,Business,Managed Data Platform,Standalone
Duncan-Mcpherson Group,Energy,Customer,262-671-2114,http://burnett.com/,Caitlynhaven,Philippines,8008,519191769,APAC customer; hybrid (services + SaaS).,,74,Hybrid,Hybrid,APAC,Enterprise,Team,Cloud Migration,Standalone
Turner-Goodman Group,Technology,Customer,+1-266-281-9153,http://www.hanna.com/,Hudsontown,Vietnam,8101,581623009,APAC customer; hybrid (services + SaaS).,,75,Hybrid,Hybrid,APAC,Enterprise,Enterprise,Cloud Migration,Standalone
Mckinney LLC Group,Energy,Customer,529.532.8472x394,http://www.beard.com/,Melindaside,Indonesia,23683,485857991,APAC customer; hybrid (services + SaaS).,,76,Hybrid,Hybrid,APAC,Enterprise,Team,Cloud Migration,Standalone
Benson LLC Group,Finance,Customer,533.249.8485x414,https://www.burgess-rice.biz/,Johnnybury,Philippines,21893,660198389,APAC customer; hybrid (services + SaaS).,,77,Hybrid,Hybrid,APAC,Enterprise,Enterprise,Managed Data Platform,Standalone
Ware-Luna Group,Retail,Customer,2246800336,https://james.net/,New Todd,Malaysia,2403,261556632,APAC customer; hybrid (services + SaaS).,,78,Hybrid,Hybrid,APAC,SME,Team,Data Strategy & Consultancy,Standalone
Holland LLC Group,Retail,Customer,6412684883,http://jarvis.com/,North Billport,Thailand,19403,333345306,APAC customer; hybrid (services + SaaS).,,79,Hybrid,Hybrid,APAC,Enterprise,Team,Data Strategy & Consultancy,Standalone
Howell Inc Group,Finance,Customer,001-894-745-9848,https://branch.com/,Malonemouth,Thailand,11577,881224344,APAC customer; hybrid (services + SaaS).,,80,Hybrid,Hybrid,APAC,Enterprise,Team,Data Strategy & Consultancy,Standalone
Mcdaniel Inc Group,Energy,Customer,(233)303-4841x989,https://freeman-haynes.com/,North Ericachester,Philippines,10837,707825900,APAC customer; hybrid (services + SaaS).,,81,Hybrid,Hybrid,APAC,Enterprise,Enterprise,Managed Data Platform,Standalone
Buchanan LLC Group,Finance,Customer,636.416.7645,http://www.pruitt.com/,Maryberg,Vietnam,12929,887032851,APAC customer; hybrid (services + SaaS).,,82,Hybrid,Hybrid,APAC,Enterprise,Business,End-to-End Data Platform,Standalone
"Booth, Carney and Sampson Group",Finance,Customer,999.505.9000x51328,https://park-gonzalez.com/,New Laurieburgh,Thailand,13352,195898006,APAC customer; hybrid (services + SaaS).,,83,Hybrid,Hybrid,APAC,Enterprise,Enterprise,Cloud Migration,Standalone
"Dixon, Moon and Vaughan Group",Telecommunications,Customer,001-930-832-7443x40052,http://www.sweeney.biz/,Port Crystalville,Vietnam,16555,676177601,APAC customer; hybrid (services + SaaS).,,84,Hybrid,Hybrid,APAC,Enterprise,Team,End-to-End Data Platform,Standalone
Guerrero-Fitzpatrick Group,Retail,Customer,272-976-5257,http://www.price.net/,Adamston,Singapore,20288,813111019,APAC customer; hybrid (services + SaaS).,,85,Hybrid,Hybrid,APAC,Enterprise,Enterprise,Data Strategy & Consultancy,Standalone
Brock Ltd Group,Finance,Customer,326-327-2322,http://www.hansen.com/,Leachview,Thailand,6103,748650089,APAC customer; hybrid (services + SaaS).,,86,Hybrid,Hybrid,APAC,Enterprise,Enterprise,Data Strategy & Consultancy,Standalone
"Armstrong, Dorsey and Johns Group",Energy,Customer,957.276.2198x5629,https://shea.net/,Orozcofort,Indonesia,13577,626677386,APAC customer; hybrid (services + SaaS).,,87,Hybrid,Hybrid,APAC,Enterprise,Enterprise,End-to-End Data Platform,Standalone
Patterson-Bridges Group,Retail,Customer,799-513-3356x95278,https://www.moreno-scott.com/,Kempborough,Thailand,10586,870800951,APAC customer; hybrid (services + SaaS).,,88,Hybrid,Hybrid,APAC,Enterprise,Enterprise,Cloud Migration,Standalone
Aguilar Inc Group,Technology,Customer,566-248-2860x014,http://www.harrell-roman.com/,Gloriaside,Thailand,13258,999286963,APAC customer; hybrid (services + SaaS).,,89,Hybrid,Hybrid,APAC,Enterprise,Team,End-to-End Data Platform,Standalone
"Barrera, Robinson and Ayers Group",Finance,Customer,503-252-5005,https://www.osborne.com/,Laurieside,Thailand,19860,335215767,APAC customer; hybrid (services + SaaS).,,90,Hybrid,Hybrid,APAC,Enterprise,Business,Data Strategy & Consultancy,Standalone
Rangel LLC Labs,Technology,Customer,264.781.4862,https://www.raymond.com/,Mccoyland,United States,3577,197233922,US customer; SaaS-only (self-serve or team expansion).,,91,Hybrid,Hybrid,US,SME,Business,End-to-End Data Platform,Standalone
Brewer Ltd Labs,Healthcare,Customer,2172570660,http://www.booker.com/,Lake Makayla,United States,218,66124259,US customer; SaaS-only (self-serve or team expansion).,,92,Hybrid,Hybrid,US,SME,Business,End-to-End Data Platform,Standalone
"Bush, Benson and Bradley Labs",Retail,Customer,3643046841,https://fletcher-cordova.com/,Claudiahaven,United States,3430,101420434,US customer; SaaS-only (self-serve or team expansion).,,93,Hybrid,Hybrid,US,SME,Business,End-to-End Data Platform,Standalone
"Carter, Bender and Gaines Labs",Technology,Customer,+1-770-937-8978x3312,https://farley.com/,Ryanberg,United States,3355,18147519,US customer; SaaS-only (self-serve or team expansion).,,94,Hybrid,Hybrid,US,SME,Business,End-to-End Data Platform,Standalone
Petty LLC Labs,Technology,Customer,678-541-8028,http://www.hunt.com/,Lake Brittney,United States,797,50462350,US customer; SaaS-only (self-serve or team expansion).,,95,Hybrid,Hybrid,US,SME,Business,End-to-End Data Platform,Standalone
Dillon Group Labs,Finance,Customer,+1-777-689-4065x2813,http://www.harvey-bradley.com/,Lake Melinda,United States,4393,121945139,US customer; SaaS-only (self-serve or team expansion).,,96,Hybrid,Hybrid,US,SME,Business,End-to-End Data Platform,Standalone
"Hamilton, Calhoun and Rogers Labs",Healthcare,Customer,(477)979-9557x2011,https://beltran.com/,Kristinechester,United States,1713,240458811,US customer; SaaS-only (self-serve or team expansion).,,97,Hybrid,Hybrid,US,SME,Business,End-to-End Data Platform,Standalone
"Christensen, Atkinson and Mcgee Labs",Finance,Customer,607-405-8912,http://www.foster-holder.com/,Janetmouth,United States,1698,133686315,US customer; SaaS-only (self-serve or team expansion).,,98,Hybrid,Hybrid,US,SME,Business,End-to-End Data Platform,Standalone
Moyer-Nicholson Labs,Healthcare,Customer,241.820.7513x7506,http://www.petty-hanson.com/,West Joshua,United States,130,251094645,US customer; SaaS-only (self-serve or team expansion).,,99,Hybrid,Hybrid,US,Developer Team,Business,End-to-End Data Platform,Standalone
Campos-Hutchinson Labs,Finance,Customer,(491)791-9978x49122,https://schroeder.com/,North Samantha,United States,145,87933106,US customer; SaaS-only (self-serve or team expansion).,,100,Hybrid,Hybrid,US,Developer Team,Business,End-to-End Data Platform,Standalone
Duncan LLC Holdings,Finance,Customer,278-964-3835x305,https://trevino.biz/,Walshtown,Malaysia,29471,405033277,APAC parent account; services-first relationship.,,101,Services-first Parent,Services,APAC,Enterprise,Business,Data Strategy & Consultancy,Parent
Gilmore PLC Holdings,Manufacturing,Customer,542.877.9559,https://castaneda-blackwell.com/,Gibsonmouth,Malaysia,6984,1385105840,APAC parent account; services-first relationship.,,102,Services-first Parent,Services,APAC,Enterprise,None,Data Strategy & Consultancy,Parent
Thomas-Yang Holdings,Manufacturing,Customer,700-811-4665x8528,https://www.phillips.biz/,Lake Melodyfort,Vietnam,6306,567677611,APAC parent account; services-first relationship.,,103,Services-first Parent,Services,APAC,Enterprise,Business,Data Strategy & Consultancy,Parent
Waller Inc Holdings,Retail,Customer,(768)972-3284,https://www.singh-walters.net/,Anitafurt,Malaysia,13716,592653816,APAC parent account; services-first relationship.,,104,Services-first Parent,Services,APAC,Enterprise,None,Managed Data Platform,Parent
Haney-Phelps Holdings,Finance,Customer,001-626-231-8861x43552,https://www.richard.com/,Riversburgh,Malaysia,10390,805374243,APAC parent account; services-first relationship.,,105,Services-first Parent,Services,APAC,Enterprise,Business,Data Strategy & Consultancy,Parent
Boyle-Cain Holdings,Manufacturing,Customer,8275650545,https://sanders-cowan.info/,Port Phyllis,Indonesia,3736,1275255512,APAC parent account; services-first relationship.,,106,Services-first Parent,Services,APAC,SME,None,End-to-End Data Platform,Parent
Baxter-Johnston Holdings,Retail,Customer,735-867-2137,https://www.howard.org/,East Grace,Indonesia,18886,542589412,APAC parent account; services-first relationship.,,107,Services-first Parent,Services,APAC,Enterprise,Business,End-to-End Data Platform,Parent
Mullen and Sons Holdings,Retail,Customer,689-334-4730,https://www.lowe.biz/,Joville,Singapore,12448,2266742469,APAC parent account; services-first relationship.,,108,Services-first Parent,Services,APAC,Enterprise,Business,Cloud Migration,Parent
"Mccarty, Lang and Hicks Holdings",Telecommunications,Customer,5178214573,https://www.dunlap.biz/,New Melindahaven,Vietnam,13379,1938643450,APAC parent account; services-first relationship.,,109,Services-first Parent,Services,APAC,Enterprise,Team,Cloud Migration,Parent
"Branch, Mooney and Hicks Holdings",Finance,Customer,(371)565-4751,http://peters.info/,Gloverview,Indonesia,2645,2064602823,APAC parent account; services-first relationship.,,110,Services-first Parent,Services,APAC,SME,Team,End-to-End Data Platform,Parent
"Harmon, Drake and Jefferson Holdings",Retail,Customer,286-880-3498,http://www.mendoza.org/,New Zoebury,Malaysia,6998,145782355,APAC parent account; services-first relationship.,,111,Services-first Parent,Services,APAC,Enterprise,Team,Cloud Migration,Parent
"Schwartz, Robbins and Massey Holdings",Finance,Customer,516.800.1144x977,https://www.barry.com/,Sosafurt,Indonesia,23590,1359926876,APAC parent account; services-first relationship.,,112,Services-first Parent,Services,APAC,Enterprise,Business,Cloud Migration,Parent
Sparks and Sons Digital,Telecommunications,Customer,+1-819-804-7012,http://www.stokes.biz/,South Adriennestad,Malaysia,11886,896530216,APAC parent account; SaaS-first relationship.,,113,SaaS-first Parent,SaaS,APAC,Enterprise,Business,None,Parent
"Jefferson, Fleming and Mercado Digital",Telecommunications,Customer,965-542-8603x2211,http://www.peck.com/,Reedchester,Singapore,2153,549825318,APAC parent account; SaaS-first relationship.,,114,SaaS-first Parent,SaaS,APAC,SME,Enterprise,None,Parent
Banks PLC Digital,Telecommunications,Customer,+1-531-290-3140x2365,http://holland-stuart.com/,East Geoffrey,Vietnam,11239,467388338,APAC parent account; SaaS-first relationship.,,115,SaaS-first Parent,SaaS,APAC,Enterprise,Business,Managed Data Platform,Parent
Kline PLC Digital,Retail,Customer,+1-877-627-7136,http://www.wall-callahan.com/,Oconnorport,Vietnam,2380,887028902,APAC parent account; SaaS-first relationship.,,116,SaaS-first Parent,SaaS,APAC,SME,Team,Managed Data Platform,Parent
Huffman and Sons Digital,Technology,Customer,(640)421-7379x1494,http://www.velez.com/,West Mitchellland,Malaysia,8867,470340470,APAC parent account; SaaS-first relationship.,,117,SaaS-first Parent,SaaS,APAC,Enterprise,Team,None,Parent
Mercer-Harrington Digital,Telecommunications,Customer,829.512.9594,https://branch.biz/,Wilkinsonborough,Malaysia,2737,83723085,APAC parent account; SaaS-first relationship.,,118,SaaS-first Parent,SaaS,APAC,SME,Business,Managed Data Platform,Parent
Meadows-Small Digital,Telecommunications,Customer,001-979-330-5929,https://www.farrell.biz/,New Herbert,Singapore,11566,379046881,APAC parent account; SaaS-first relationship.,,119,SaaS-first Parent,SaaS,APAC,Enterprise,Business,Managed Data Platform,Parent
"Carr, Lloyd and Curtis Digital",Retail,Customer,978.444.3640x91204,http://farmer-zimmerman.com/,North Jose,Vietnam,11180,16428329,APAC parent account; SaaS-first relationship.,,120,SaaS-first Parent,SaaS,APAC,Enterprise,Enterprise,None,Parent
Robbins-Bruce Digital,Retail,Customer,(841)379-8726,http://www.gates-barron.com/,Lake Carolyn,Indonesia,1873,578541249,APAC parent account; SaaS-first relationship.,,121,SaaS-first Parent,SaaS,APAC,SME,Team,None,Parent
"Riggs, Cuevas and Russell Digital",Technology,Customer,665.821.4130x2850,http://www.petersen.biz/,South Mercedesport,Singapore,980,193015106,APAC parent account; SaaS-first relationship.,,122,SaaS-first Parent,SaaS,APAC,SME,Business,None,Parent
Mora Ltd Digital,Retail,Customer,855.609.8530,http://www.petty.com/,New Garyshire,Indonesia,7227,317478766,APAC parent account; SaaS-first relationship.,,123,SaaS-first Parent,SaaS,APAC,Enterprise,Team,Managed Data Platform,Parent
Gordon Group Digital,Telecommunications,Customer,821.204.0385x550,http://marsh.com/,Baileyland,Singapore,6437,732670338,APAC parent account; SaaS-first relationship.,,124,SaaS-first Parent,SaaS,APAC,Enterprise,Team,None,Parent
"Duarte, Powers and Davila Subsidiary",Transportation,Customer,+1-443-498-1535x20759,https://www.nunez-hobbs.com/,West Ruben,Indonesia,1273,175860251,Subsidiary account; services expansion from SaaS-first parent.,120,125,Subsidiary - Services Expansion,Services,APAC,SME,Free,Cloud Migration,Subsidiary
Mills-Yates Subsidiary,Healthcare,Customer,9894248409,https://www.payne.com/,Merritttown,Vietnam,2771,74674677,Subsidiary account; services expansion from SaaS-first parent.,114,126,Subsidiary - Services Expansion,Services,APAC,SME,Free,End-to-End Data Platform,Subsidiary
"Raymond, Shaw and Gonzales Subsidiary",Retail,Customer,952.233.3288x13921,http://cook-cooper.com/,East Neil,Philippines,1739,98835340,Subsidiary account; services expansion from SaaS-first parent.,119,127,Subsidiary - Services Expansion,Services,APAC,SME,None,Data Strategy & Consultancy,Subsidiary
Kemp-Bender Subsidiary,Transportation,Customer,362-919-2117,https://www.andrade.com/,Choifurt,Thailand,3492,177670682,Subsidiary account; services expansion from SaaS-first parent.,113,128,Subsidiary - Services Expansion,Services,APAC,SME,None,End-to-End Data Platform,Subsidiary
Hogan-Mcmahon Subsidiary,Healthcare,Customer,+1-420-349-9343,https://www.kane.net/,New Mikaylaport,Thailand,862,143385018,Subsidiary account; services expansion from SaaS-first parent.,117,129,Subsidiary - Services Expansion,Services,APAC,SME,Team,End-to-End Data Platform,Subsidiary
Kane-Osborne Subsidiary,Manufacturing,Customer,9316958565,http://www.weiss.com/,East Tricia,Indonesia,198,144709797,Subsidiary account; services expansion from SaaS-first parent.,118,130,Subsidiary - Services Expansion,Services,APAC,SME,Free,Data Strategy & Consultancy,Subsidiary
Hendricks-Cisneros Subsidiary,Manufacturing,Customer,+1-940-717-6126,http://dickson-gray.com/,New Makayla,Indonesia,100,123433918,Subsidiary account; services expansion from SaaS-first parent.,113,131,Subsidiary - Services Expansion,Services,APAC,Developer Team,Free,Data Strategy & Consultancy,Subsidiary
Singleton-Duncan Subsidiary,Transportation,Customer,821-232-2734,http://www.mullen.info/,Port Ana,Philippines,2123,82060382,Subsidiary account; services expansion from SaaS-first parent.,123,132,Subsidiary - Services Expansion,Services,APAC,SME,Team,End-to-End Data Platform,Subsidiary
Castro-Velazquez Subsidiary,Manufacturing,Customer,451.850.4374,http://www.kramer-grimes.net/,Douglasbury,Indonesia,1670,111410745,Subsidiary account; services expansion from SaaS-first parent.,124,133,Subsidiary - Services Expansion,Services,APAC,SME,Team,End-to-End Data Platform,Subsidiary
Landry Ltd Subsidiary,Healthcare,Customer,(440)220-3123,http://www.knight-fletcher.net/,Gregfurt,Vietnam,2926,12501941,Subsidiary account; services expansion from SaaS-first parent.,117,134,Subsidiary - Services Expansion,Services,APAC,SME,None,Managed Data Platform,Subsidiary
Holland LLC Subsidiary,Manufacturing,Customer,(651)908-8458,http://conrad-ballard.org/,South Williamborough,Thailand,3457,29253391,Subsidiary account; services expansion from SaaS-first parent.,113,135,Subsidiary - Services Expansion,Services,APAC,SME,Team,Data Strategy & Consultancy,Subsidiary
"Shelton, Friedman and Ross Subsidiary",Retail,Customer,383-368-6316,https://ruiz.com/,South Isabel,Thailand,2662,175081784,Subsidiary account; services expansion from SaaS-first parent.,120,136,Subsidiary - Services Expansion,Services,APAC,SME,Team,Managed Data Platform,Subsidiary
"Baxter, Wiggins and Barnett Subsidiary",Healthcare,Customer,267.906.8437x296,http://schmidt-preston.net/,Osbornmouth,Vietnam,2572,127579759,Subsidiary account; services expansion from SaaS-first parent.,118,137,Subsidiary - Services Expansion,Services,APAC,SME,None,Cloud Migration,Subsidiary
"Bauer, Kidd and Freeman Subsidiary",Transportation,Customer,276.932.9989x270,https://roberson.info/,West Christopherberg,Philippines,2313,105372311,Subsidiary account; services expansion from SaaS-first parent.,121,138,Subsidiary - Services Expansion,Services,APAC,SME,None,Managed Data Platform,Subsidiary
"Francis, Patrick and Barrera Subsidiary",Manufacturing,Customer,+1-546-655-3829,http://www.frost.org/,Lucasfurt,Philippines,1430,177292879,Subsidiary account; services expansion from SaaS-first parent.,119,139,Subsidiary - Services Expansion,Services,APAC,SME,Team,Data Strategy & Consultancy,Subsidiary
Russo-Boone Subsidiary,Transportation,Customer,569.237.2398,http://stanton.com/,Hoodbury,Malaysia,408,39219237,Subsidiary account; services expansion from SaaS-first parent.,116,140,Subsidiary - Services Expansion,Services,APAC,SME,Team,Managed Data Platform,Subsidiary
Church-Heath Subsidiary,Retail,Customer,374.969.7798,https://www.wiley.biz/,Matamouth,Thailand,3308,26913435,Subsidiary account; services expansion from SaaS-first parent.,120,141,Subsidiary - Services Expansion,Services,APAC,SME,Team,Cloud Migration,Subsidiary
Franco LLC Subsidiary,Manufacturing,Customer,+1-409-805-6434,http://hickman.com/,East Henrystad,Vietnam,1293,114215855,Subsidiary account; services expansion from SaaS-first parent.,120,142,Subsidiary - Services Expansion,Services,APAC,SME,Team,End-to-End Data Platform,Subsidiary
"Bennett, Hutchinson and Hendrix Subsidiary",Healthcare,Customer,215.835.1235,http://www.escobar-woodard.com/,East Clifford,Indonesia,2123,95991146,Subsidiary account; services expansion from SaaS-first parent.,115,143,Subsidiary - Services Expansion,Services,APAC,SME,Free,End-to-End Data Platform,Subsidiary
Mccullough-Bentley Subsidiary,Transportation,Customer,700.497.1294x7280,http://www.larson-galvan.info/,West Whitney,Philippines,2028,61507186,Subsidiary account; services expansion from SaaS-first parent.,121,144,Subsidiary - Services Expansion,Services,APAC,SME,Free,Data Strategy & Consultancy,Subsidiary
"Thomas, Powell and Mccarty Subsidiary",Manufacturing,Customer,001-227-449-6229x1863,http://hardy.info/,Shepherdmouth,Thailand,1087,154257518,Subsidiary account; services expansion from SaaS-first parent.,115,145,Subsidiary - Services Expansion,Services,APAC,SME,None,Data Strategy & Consultancy,Subsidiary
"Singh, Logan and Thomas Subsidiary",Manufacturing,Customer,+1-503-339-3969x375,http://richmond.net/,Aguirreborough,Thailand,1765,3660725,Subsidiary account; services expansion from SaaS-first parent.,114,146,Subsidiary - Services Expansion,Services,APAC,SME,None,End-to-End Data Platform,Subsidiary
"Sanchez, Mcbride and Maxwell Subsidiary",Retail,Customer,(441)341-9624x5459,http://curry-kramer.com/,East Leroy,Thailand,3153,80427304,Subsidiary account; services expansion from SaaS-first parent.,119,147,Subsidiary - Services Expansion,Services,APAC,SME,Free,Data Strategy & Consultancy,Subsidiary
Wilson Ltd Subsidiary,Healthcare,Customer,(411)433-4353x6347,https://www.sanford-norton.com/,East Annashire,Vietnam,1096,69961733,Subsidiary account; services expansion from SaaS-first parent.,118,148,Subsidiary - Services Expansion,Services,APAC,SME,None,Cloud Migration,Subsidiary
Nash-Huffman Subsidiary,Finance,Customer,001-529-389-9260x2282,https://www.hudson.com/,New Dominic,Malaysia,2021,1492533,Subsidiary account; SaaS expansion from services-first parent.,106,149,Subsidiary - SaaS Expansion,SaaS,APAC,SME,Team,Managed Data Platform,Subsidiary
Hebert Ltd Subsidiary,Retail,Customer,6583983533,https://shah.com/,Port Dawn,Malaysia,605,39224386,Subsidiary account; SaaS expansion from services-first parent.,103,150,Subsidiary - SaaS Expansion,SaaS,APAC,SME,Business,Managed Data Platform,Subsidiary
Clements and Sons Subsidiary,Technology,Customer,276-969-3059,https://www.deleon.com/,Jonesmouth,Malaysia,1420,126274405,Subsidiary account; SaaS expansion from services-first parent.,105,151,Subsidiary - SaaS Expansion,SaaS,APAC,SME,Business,None,Subsidiary
Gates and Sons Subsidiary,Technology,Customer,(725)434-1007x14904,http://www.rice-williams.com/,North Laurieview,Indonesia,560,90346619,Subsidiary account; SaaS expansion from services-first parent.,101,152,Subsidiary - SaaS Expansion,SaaS,APAC,SME,Business,None,Subsidiary
"Waters, Drake and Avila Subsidiary",Finance,Customer,890-535-2993,http://www.spears.org/,Port Tamaraside,Indonesia,149,91200186,Subsidiary account; SaaS expansion from services-first parent.,112,153,Subsidiary - SaaS Expansion,SaaS,APAC,Developer Team,Enterprise,None,Subsidiary
Garrett-Mendez Subsidiary,Retail,Customer,452-403-5433,https://clarke-dudley.com/,Lynnville,Vietnam,1799,41069994,Subsidiary account; SaaS expansion from services-first parent.,108,154,Subsidiary - SaaS Expansion,SaaS,APAC,SME,Team,Managed Data Platform,Subsidiary
"Shaw, Gaines and Larsen Subsidiary",Finance,Customer,664.566.0714,http://barrera.com/,Luismouth,Indonesia,397,155471771,Subsidiary account; SaaS expansion from services-first parent.,103,155,Subsidiary - SaaS Expansion,SaaS,APAC,SME,Team,None,Subsidiary
Beltran-Terrell Subsidiary,Retail,Customer,225-834-7003x4571,http://www.richardson-olson.com/,Bryanview,Indonesia,785,98603235,Subsidiary account; SaaS expansion from services-first parent.,107,156,Subsidiary - SaaS Expansion,SaaS,APAC,SME,Enterprise,None,Subsidiary
Bentley and Sons Subsidiary,Healthcare,Customer,8782294868,http://www.blanchard-huff.org/,Arianaborough,Philippines,1933,79901741,Subsidiary account; SaaS expansion from services-first parent.,101,157,Subsidiary - SaaS Expansion,SaaS,APAC,SME,Team,Managed Data Platform,Subsidiary
"Bolton, Bartlett and Hayden Subsidiary",Retail,Customer,+1-541-729-7097x247,http://vega-haney.com/,Lake Edgar,Thailand,2381,15002885,Subsidiary account; SaaS expansion from services-first parent.,111,158,Subsidiary - SaaS Expansion,SaaS,APAC,SME,Team,Managed Data Platform,Subsidiary
"Barber, Hill and Hickman Subsidiary",Finance,Customer,+1-779-349-0660x40429,https://www.gallagher.com/,Lake Haleyfurt,Malaysia,617,14025190,Subsidiary account; SaaS expansion from services-first parent.,105,159,Subsidiary - SaaS Expansion,SaaS,APAC,SME,Enterprise,None,Subsidiary
"Guerrero, Wallace and Whitney Subsidiary",Technology,Customer,327-209-5074x7603,http://craig.biz/,Jacquelineburgh,Philippines,2084,95604919,Subsidiary account; SaaS expansion from services-first parent.,105,160,Subsidiary - SaaS Expansion,SaaS,APAC,SME,Team,None,Subsidiary
Bishop-Drake Subsidiary,Healthcare,Customer,203.352.3525,http://www.roman-carney.com/,Ivanview,Indonesia,2267,13515469,Subsidiary account; SaaS expansion from services-first parent.,101,161,Subsidiary - SaaS Expansion,SaaS,APAC,SME,Enterprise,None,Subsidiary
"Ali, Conner and Newton Subsidiary",Retail,Customer,329.423.1556x1808,http://www.jacobson.com/,South Kayleeshire,Vietnam,1573,143722521,Subsidiary account; SaaS expansion from services-first parent.,112,162,Subsidiary - SaaS Expansion,SaaS,APAC,SME,Enterprise,None,Subsidiary
"Durham, Shields and George Subsidiary",Technology,Customer,586-327-7517x830,https://www.fitzgerald-key.com/,West Judith,Indonesia,1988,85249630,Subsidiary account; SaaS expansion from services-first parent.,109,163,Subsidiary - SaaS Expansion,SaaS,APAC,SME,Team,None,Subsidiary
"English, Davis and Perez Subsidiary",Healthcare,Customer,(252)429-0788x9911,https://www.velasquez.com/,New Joanview,Thailand,1486,71327251,Subsidiary account; SaaS expansion from services-first parent.,103,164,Subsidiary - SaaS Expansion,SaaS,APAC,SME,Enterprise,None,Subsidiary
"Hutchinson, Baker and Lucero Subsidiary",Technology,Customer,+1-778-758-5444x3196,http://ramsey.com/,Isaiahtown,Philippines,2284,94287120,Subsidiary account; SaaS expansion from services-first parent.,104,165,Subsidiary - SaaS Expansion,SaaS,APAC,SME,Enterprise,None,Subsidiary
Berg LLC Subsidiary,Finance,Customer,417-288-3347x5172,http://www.kaiser.info/,Eddieland,Vietnam,1106,8884318,Subsidiary account; SaaS expansion from services-first parent.,108,166,Subsidiary - SaaS Expansion,SaaS,APAC,SME,Business,Managed Data Platform,Subsidiary
Macdonald Group Subsidiary,Finance,Customer,+1-751-319-4971x188,http://stephens.com/,Adrianachester,Thailand,731,104473628,Subsidiary account; SaaS expansion from services-first parent.,109,167,Subsidiary - SaaS Expansion,SaaS,APAC,SME,Enterprise,Managed Data Platform,Subsidiary
Gamble LLC Subsidiary,Healthcare,Customer,682-460-5501x3501,https://www.morris-stone.net/,North Sonya,Vietnam,788,119944356,Subsidiary account; SaaS expansion from services-first parent.,103,168,Subsidiary - SaaS Expansion,SaaS,APAC,SME,Enterprise,None,Subsidiary
Palmer-Glass Subsidiary,Finance,Customer,(779)981-5948x5122,http://torres-davila.com/,Dominguezshire,Philippines,356,69878456,Subsidiary account; SaaS expansion from services-first parent.,107,169,Subsidiary - SaaS Expansion,SaaS,APAC,SME,Team,None,Subsidiary
Oneill-Wilson Subsidiary,Technology,Customer,+1-226-503-9228x3213,https://olson.com/,Christyport,Vietnam,1937,87832619,Subsidiary account; SaaS expansion from services-first parent.,107,170,Subsidiary - SaaS Expansion,SaaS,APAC,SME,Business,None,Subsidiary
Hunt-Chung Subsidiary,Technology,Customer,513-658-6406,https://sweeney.com/,Weissville,Thailand,437,110135120,Subsidiary account; SaaS expansion from services-first parent.,101,171,Subsidiary - SaaS Expansion,SaaS,APAC,SME,Team,None,Subsidiary
Huang-Meza Subsidiary,Technology,Customer,378.862.7294,https://www.burton.com/,Parkertown,Malaysia,2063,18859000,Subsidiary account; SaaS expansion from services-first parent.,109,172,Subsidiary - SaaS Expansion,SaaS,APAC,SME,Business,Managed Data Platform,Subsidiary
